{
  "name": "Chile",
  "iso2": "CL",
  "iso3": "CHL",
  "phonecode": "56",
  "states": [
    {
      "name": "Aisén del General Carlos Ibañez del Campo",
      "code": "AI",
      "cities": [
        "Aysén",
        "Chile Chico",
        "Cisnes",
        "Cochrane",
        "Coyhaique",
        "Guaitecas",
        "Lago Verde",
        "O'Higgins",
        "Río Ibáñez",
        "Tortel"
      ]
    },
    {
      "name": "Antofagasta",
      "code": "AN",
      "cities": [
        "Antofagasta",
        "Calama",
        "María Elena",
        "Mejillones",
        "Ollagüe",
        "San Pedro de Atacama",
        "Sierra Gorda",
        "Taltal",
        "Tocopilla"
      ]
    },
    {
      "name": "Arica y Parinacota",
      "code": "AP",
      "cities": [
        "Arica",
        "Camarones",
        "General Lagos",
        "Putre"
      ]
    },
    {
      "name": "Atacama",
      "code": "AT",
      "cities": [
        "Alto del Carmen",
        "Caldera",
        "Chañaral",
        "Copiapó",
        "Diego de Almagro",
        "Freirina",
        "Huasco",
        "Tierra Amarilla",
        "Vallenar"
      ]
    },
    {
      "name": "Biobío",
      "code": "BI",
      "cities": [
        "Alto Biobío",
        "Antuco",
        "Arauco",
        "Cabrero",
        "Cañete",
        "Chiguayante",
        "Concepción",
        "Contulmo",
        "Coronel",
        "Curanilahue",
        "Florida",
        "Hualpén",
        "Hualqui",
        "Laja",
        "Lebu",
        "Los Álamos",
        "Los Ángeles",
        "Lota",
        "Mulchén",
        "Nacimiento",
        "Negrete",
        "Penco",
        "Quilaco",
        "Quilleco",
        "San Pedro de la Paz",
        "San Rosendo",
        "Santa Bárbara",
        "Santa Juana",
        "Talcahuano",
        "Tirúa",
        "Tomé",
        "Tucapel",
        "Yumbel"
      ]
    },
    {
      "name": "Coquimbo",
      "code": "CO",
      "cities": [
        "Andacollo",
        "Canela",
        "Combarbalá",
        "Coquimbo",
        "Illapel",
        "La Higuera",
        "La Serena",
        "Los Vilos",
        "Monte Patria",
        "Ovalle",
        "Paihuano",
        "Punitaqui",
        "Río Hurtado",
        "Salamanca",
        "Vicuña"
      ]
    },
    {
      "name": "La Araucanía",
      "code": "AR",
      "cities": [
        "Angol",
        "Carahue",
        "Cholchol",
        "Collipulli",
        "Cunco",
        "Curacautín",
        "Curarrehue",
        "Ercilla",
        "Freire",
        "Galvarino",
        "Gorbea",
        "Lautaro",
        "Loncoche",
        "Lonquimay",
        "Los Sauces",
        "Lumaco",
        "Melipeuco",
        "Nueva Imperial",
        "Padre Las Casas",
        "Perquenco",
        "Pitrufquén",
        "Pucón",
        "Purén",
        "Renaico",
        "Saavedra",
        "Temuco",
        "Teodoro Schmidt",
        "Toltén",
        "Traiguén",
        "Victoria",
        "Vilcún",
        "Villarrica"
      ]
    },
    {
      "name": "Libertador General Bernardo O'Higgins",
      "code": "LI",
      "cities": [
        "Chépica",
        "Chimbarongo",
        "Codegua",
        "Coínco",
        "Coltauco",
        "Doñihue",
        "Graneros",
        "La Estrella",
        "Las Cabras",
        "Litueche",
        "Lolol",
        "Machalí",
        "Malloa",
        "Marchigüe",
        "Mostazal",
        "Nancagua",
        "Navidad",
        "Olivar",
        "Palmilla",
        "Paredones",
        "Peralillo",
        "Peumo",
        "Pichidegua",
        "Pichilemu",
        "Placilla",
        "Pumanque",
        "Quinta de Tilcoco",
        "Rancagua",
        "Rengo",
        "Requínoa",
        "San Fernando",
        "San Vicente",
        "Santa Cruz"
      ]
    },
    {
      "name": "Los Lagos",
      "code": "LL",
      "cities": [
        "Ancud",
        "Calbuco",
        "Castro",
        "Chaitén",
        "Chonchi",
        "Cochamó",
        "Curaco de Vélez",
        "Dalcahue",
        "Fresia",
        "Frutillar",
        "Futaleufú",
        "Hualaihué",
        "Llanquihue",
        "Los Muermos",
        "Maullín",
        "Osorno",
        "Palena",
        "Puerto Montt",
        "Puerto Octay",
        "Puerto Varas",
        "Puqueldón",
        "Purranque",
        "Puyehue",
        "Queilén",
        "Quellón",
        "Quemchi",
        "Quinchao",
        "Río Negro",
        "San Juan de la Costa",
        "San Pablo"
      ]
    },
    {
      "name": "Los Ríos",
      "code": "LR",
      "cities": [
        "Corral",
        "Futrono",
        "La Unión",
        "Lago Ranco",
        "Lanco",
        "Los Lagos",
        "Máfil",
        "Mariquina",
        "Paillaco",
        "Panguipulli",
        "Río Bueno",
        "Valdivia"
      ]
    },
    {
      "name": "Magallanes y de la Antártica Chilena",
      "code": "MA",
      "cities": [
        "Antártica",
        "Cabo de Hornos",
        "Laguna Blanca",
        "Natales",
        "Porvenir",
        "Primavera",
        "Punta Arenas",
        "Río Verde",
        "San Gregorio",
        "Timaukel",
        "Torres del Paine"
      ]
    },
    {
      "name": "Maule",
      "code": "ML",
      "cities": [
        "Cauquenes",
        "Chanco",
        "Colbún",
        "Constitución",
        "Curepto",
        "Curicó",
        "Empedrado",
        "Hualañé",
        "Licantén",
        "Linares",
        "Longaví",
        "Maule",
        "Molina",
        "Parral",
        "Pelarco",
        "Pelluhue",
        "Pencahue",
        "Rauco",
        "Retiro",
        "Río Claro",
        "Romeral",
        "Sagrada Familia",
        "San Clemente",
        "San Javier",
        "San Rafael",
        "Talca",
        "Teno",
        "Vichuquén",
        "Villa Alegre",
        "Yerbas Buenas"
      ]
    },
    {
      "name": "Ñuble",
      "code": "NB",
      "cities": [
        "Bulnes",
        "Chillán",
        "Chillán Viejo",
        "Cobquecura",
        "Coelemu",
        "Coihueco",
        "El Carmen",
        "Ninhue",
        "Ñiquén",
        "Pemuco",
        "Pinto",
        "Portezuelo",
        "Quillón",
        "Quirihue",
        "Ránquil",
        "San Carlos",
        "San Fabián",
        "San Ignacio",
        "San Nicolás",
        "Treguaco",
        "Yungay"
      ]
    },
    {
      "name": "Región Metropolitana de Santiago",
      "code": "RM",
      "cities": [
        "Colina",
        "Melipilla",
        "Puente Alto",
        "San Bernardo",
        "Santiago",
        "Talagante"
      ]
    },
    {
      "name": "Tarapacá",
      "code": "TA",
      "cities": [
        "Alto Hospicio",
        "Camiña",
        "Colchane",
        "Huara",
        "Iquique",
        "Pica",
        "Pozo Almonte"
      ]
    },
    {
      "name": "Valparaíso",
      "code": "VS",
      "cities": [
        "Algarrobo",
        "Cabildo",
        "Calle Larga",
        "Cartagena",
        "Casablanca",
        "Catemu",
        "Concón",
        "El Quisco",
        "El Tabo",
        "Hijuelas",
        "Isla de Pascua",
        "Juan Fernández",
        "La Calera",
        "La Cruz",
        "La Ligua",
        "Limache",
        "Llaillay",
        "Los Andes",
        "Nogales",
        "Olmué",
        "Panquehue",
        "Papudo",
        "Petorca",
        "Puchuncaví",
        "Putaendo",
        "Quillota",
        "Quilpué",
        "Quintero",
        "Rinconada",
        "San Antonio",
        "San Esteban",
        "San Felipe",
        "Santa María",
        "Santo Domingo",
        "Valparaíso",
        "Villa Alemana",
        "Viña del Mar",
        "Zapallar"
      ]
    }
  ]
}