{
  "name": "The Gambia",
  "iso2": "GM",
  "iso3": "GMB",
  "phonecode": "220",
  "states": [
    {
      "name": "Banjul",
      "code": "B",
      "cities": [
        "Bakau",
        "Banjul",
        "Kombo Saint Mary",
        "Serekunda"
      ]
    },
    {
      "name": "Central River",
      "code": "M",
      "cities": [
        "Bansang",
        "Brikama Nding",
        "Dankunku",
        "Denton",
        "Fulladu West",
        "Galleh Manda",
        "Georgetown",
        "Jakhaly",
        "Janjanbureh",
        "Jarreng",
        "Karantaba",
        "Kass Wollof",
        "Kuntaur",
        "Kunting",
        "Lower Saloum",
        "Niamina East",
        "Niamina West",
        "Niani",
        "Nianija",
        "Pateh Sam",
        "Sami",
        "Sami District",
        "Saruja",
        "Sukuta",
        "Upper Saloum",
        "Wassu"
      ]
    },
    {
      "name": "Lower River",
      "code": "L",
      "cities": [
        "Baro Kunda",
        "Bureng",
        "Jali",
        "Jarra Central",
        "Jarra East",
        "Jarra West",
        "Jenoi",
        "Jifarong",
        "Kaiaf",
        "Karantaba",
        "Keneba",
        "Kiang Central",
        "Kiang East",
        "Kiang West",
        "Mansa Konko",
        "Nioro",
        "Sankwia",
        "Si Kunda",
        "Soma",
        "Sutukung",
        "Toniataba",
        "Wellingara Ba"
      ]
    },
    {
      "name": "North Bank",
      "code": "N",
      "cities": [
        "Bambali",
        "Barra",
        "Central Baddibu",
        "Chilla",
        "Daru Rilwan",
        "Essau",
        "Farafenni",
        "Gunjur",
        "Jokadu",
        "Katchang",
        "Kerewan",
        "Lamin",
        "Lower Baddibu",
        "Lower Niumi",
        "No Kunda",
        "Saba",
        "Sara Kunda",
        "Upper Baddibu",
        "Upper Niumi"
      ]
    },
    {
      "name": "Upper River",
      "code": "U",
      "cities": [
        "Bakadagy",
        "Basse Santa Su",
        "Brifu",
        "Daba Kunda",
        "Demba Kunda",
        "Diabugu",
        "Diabugu Basilla",
        "Fulladu East",
        "Gunjur Kuta",
        "Kantora",
        "Koina",
        "Kumbija",
        "Nyamanari",
        "Perai",
        "Sabi",
        "Sandu",
        "Sudowol",
        "Sun Kunda",
        "Sutukoba",
        "Wuli"
      ]
    },
    {
      "name": "West Coast",
      "code": "W",
      "cities": [
        "Abuko",
        "Brikama",
        "Foni Bondali",
        "Foni Brefet",
        "Foni Jarrol",
        "Foni Kansala",
        "Gunjur",
        "Kombo Central",
        "Kombo East",
        "Kombo North",
        "Kombo South",
        "Somita",
        "Sukuta"
      ]
    }
  ]
}