{
  "name": "Haiti",
  "iso2": "HT",
  "iso3": "HTI",
  "phonecode": "509",
  "states": [
    {
      "name": "Artibonite",
      "code": "AR",
      "cities": [
        "Anse Rouge",
        "Arrondissement de Saint-Marc",
        "Désarmes",
        "Dessalines",
        "Ennery",
        "Gonaïves",
        "Grande Saline",
        "Gros Morne",
        "Marmelade",
        "Saint-Marc",
        "Verrettes"
      ]
    },
    {
      "name": "Centre",
      "code": "CE",
      "cities": [
        "Arrondissement de Cerca La Source",
        "Cerca la Source",
        "Hinche",
        "Lascahobas",
        "Mayisad",
        "Mirebalais",
        "Thomassique",
        "Thomonde"
      ]
    },
    {
      "name": "Grand'Anse",
      "code": "GA",
      "cities": [
        "Anse-à-Veau",
        "Chambellan",
        "Corail",
        "Dame-Marie",
        "Jeremi",
        "Jérémie",
        "Les Abricots",
        "Les Irois",
        "Moron",
        "Petite Rivière de Nippes"
      ]
    },
    {
      "name": "Nippes",
      "code": "NI",
      "cities": [
        "Ansavo",
        "Baradères",
        "Miragoâne",
        "Petit Trou de Nippes"
      ]
    },
    {
      "name": "Nord",
      "code": "ND",
      "cities": [
        "Acul du Nord",
        "Arrondissement de la Grande Rivière du Nord",
        "Arrondissement de Plaisance",
        "Arrondissement du Borgne",
        "Bahon",
        "Borgne",
        "Dondon",
        "Grande Rivière du Nord",
        "Lenbe",
        "Limonade",
        "Milot",
        "Okap",
        "Pignon",
        "Pilate",
        "Plaine du Nord",
        "Plaisance",
        "Port-Margot",
        "Quartier Morin",
        "Ranquitte",
        "Saint-Raphaël"
      ]
    },
    {
      "name": "Nord-Est",
      "code": "NE",
      "cities": [
        "Arrondissement de Fort Liberté",
        "Arrondissement du Trou du Nord",
        "Caracol",
        "Carice",
        "Dérac",
        "Ferrier",
        "Fort Liberté",
        "Montòrganize",
        "Ouanaminthe",
        "Perches",
        "Phaëton",
        "Trou du Nord",
        "Wanament"
      ]
    },
    {
      "name": "Nord-Ouest",
      "code": "NO",
      "cities": [
        "Arcahaie",
        "Arrondissement de Port-de-Paix",
        "Arrondissement de Saint-Louis du Nord",
        "Arrondissement du Môle Saint-Nicolas",
        "Baie de Henne",
        "Bombardopolis",
        "Fond Bassin Bleu",
        "Jean-Rabel",
        "Môle Saint-Nicolas",
        "Petite Anse",
        "Port-de-Paix",
        "Saint-Louis du Nord",
        "Ti Port-de-Paix"
      ]
    },
    {
      "name": "Ouest",
      "code": "OU",
      "cities": [
        "Anse à Galets",
        "Arcahaie",
        "Arrondissement de Croix des Bouquets",
        "Arrondissement de Léogâne",
        "Arrondissement de Port-au-Prince",
        "Cabaret",
        "Carrefour",
        "Cornillon",
        "Croix-des-Bouquets",
        "Delmas 73",
        "Fond Parisien",
        "Fonds Verrettes",
        "Grangwav",
        "Gressier",
        "Kenscoff",
        "Lagonav",
        "Léogâne",
        "Pétionville",
        "Port-au-Prince",
        "Thomazeau",
        "Tigwav"
      ]
    },
    {
      "name": "Sud",
      "code": "SD",
      "cities": [
        "Aquin",
        "Arrondissement de Port-Salut",
        "Arrondissement des Cayes",
        "Cavaillon",
        "Chantal",
        "Chardonnière",
        "Fond des Blancs",
        "Koto",
        "Les Anglais",
        "Les Cayes",
        "Port-à-Piment",
        "Roche-à-Bateau",
        "Saint-Louis du Sud",
        "Tiburon",
        "Torbeck"
      ]
    },
    {
      "name": "Sud-Est",
      "code": "SE",
      "cities": [
        "Anse-à-Pitre",
        "Arrondissement de Bainet",
        "Arrondissement de Jacmel",
        "Belle-Anse",
        "Cayes-Jacmel",
        "Jacmel",
        "Kotdefè",
        "Marigot",
        "Thiotte"
      ]
    }
  ]
}