{
  "name": "Norway",
  "iso2": "NO",
  "iso3": "NOR",
  "phonecode": "47",
  "states": [
    {
      "name": "Agder",
      "code": "42",
      "cities": [
        "Åseral",
        "Audnedal",
        "Farsund",
        "Flekkefjord",
        "Hægebostad",
        "Justvik",
        "Kristiansand",
        "Kvinesdal",
        "Liknes",
        "Lindesnes",
        "Lyngdal",
        "Mandal",
        "Marnardal",
        "Nodeland",
        "Sirdal",
        "Skålevik",
        "Søgne",
        "Songdalen",
        "Strai",
        "Tonstad",
        "Tveit",
        "Vanse",
        "Vennesla",
        "Vestbygd",
        "Vigeland"
      ]
    },
    {
      "name": "Akershus",
      "code": "32",
      "cities": [
        "Åneby",
        "Årnes",
        "Ås",
        "Ask",
        "Asker",
        "Auli",
        "Aurskog-Høland",
        "Aursmoen",
        "Bærum",
        "Billingstad",
        "Bjørkelangen",
        "Blakstad",
        "Drøbak",
        "Eidsvoll",
        "Enebakk",
        "Fagerstrand",
        "Fet",
        "Fetsund",
        "Fjellfoten",
        "Flateby",
        "Frogn",
        "Frogner",
        "Gjerdrum",
        "Hurdal",
        "Jessheim",
        "Kløfta",
        "Leirsund",
        "Lillestrøm",
        "Lørenskog",
        "Lysaker",
        "Maura",
        "Nannestad",
        "Nes",
        "Neskollen",
        "Nesodden",
        "Nesoddtangen",
        "Nittedal",
        "Oppegård",
        "Rælingen",
        "Råholt",
        "Rotnes",
        "Skedsmo",
        "Ski",
        "Skui",
        "Sørum",
        "Sørumsand",
        "Ullensaker",
        "Vestby"
      ]
    },
    {
      "name": "Buskerud",
      "code": "33",
      "cities": [
        "Ål",
        "Åros",
        "Drammen",
        "Flå",
        "Flesberg",
        "Geilo",
        "Gol",
        "Hemsedal",
        "Hol",
        "Hole",
        "Hønefoss",
        "Hurum",
        "Hvittingfoss",
        "Kongsberg",
        "Krødsherad",
        "Lier",
        "Modum",
        "Nedre Eiker",
        "Nesbyen",
        "Nore og Uvdal",
        "Noresund",
        "Øvre Eiker",
        "Prestfoss",
        "Ringerike",
        "Rollag",
        "Røyken",
        "Sætre",
        "Sigdal",
        "Skoger",
        "Tofte",
        "Tomter",
        "Tranby",
        "Vikersund"
      ]
    },
    {
      "name": "Finnmark",
      "code": "56",
      "cities": [
        "Alta",
        "Ávanuorri",
        "Båtsfjord",
        "Berg",
        "Berlevåg",
        "Bjørnevatn",
        "Borkenes",
        "Evenskjer",
        "Finnsnes",
        "Gamvik",
        "Gryllefjord",
        "Hammerfest",
        "Hansnes",
        "Hasvik",
        "Honningsvåg",
        "Kåfjord",
        "Kárášjohka",
        "Karasjok",
        "Kautokeino",
        "Kirkenes",
        "Kjøllefjord",
        "Kvalsund",
        "Lakselv",
        "Lebesby",
        "Lenvik",
        "Loppa",
        "Lyngseidet",
        "Måsøy",
        "Mehamn",
        "Moen",
        "Nesseby",
        "Nordkapp",
        "Øksfjord",
        "Olderdalen",
        "Porsanger",
        "Rypefjord",
        "Setermoen",
        "Sjøvegan",
        "Skånland",
        "Sør-Varanger",
        "Storslett",
        "Storsteinnes",
        "Tana",
        "Torsken",
        "Tranøy",
        "Vadsø",
        "Vardø"
      ]
    },
    {
      "name": "Innlandet",
      "code": "34",
      "cities": [
        "Alvdal",
        "Åmot",
        "Åsnes",
        "Bagn",
        "Brumunddal",
        "Dokka",
        "Dombås",
        "Dovre",
        "Eidskog",
        "Elverum",
        "Engerdal",
        "Etnedal",
        "Fagernes",
        "Folldal",
        "Fossbergom",
        "Gausdal",
        "Gjøvik",
        "Gran",
        "Grua",
        "Grue",
        "Hamar",
        "Hov",
        "Hundorp",
        "Innbygda",
        "Jevnaker",
        "Kirkenær",
        "Kongsvinger",
        "Koppang",
        "Lena",
        "Lesja",
        "Lillehammer",
        "Lom",
        "Løten",
        "Lunner",
        "Moelv",
        "Nord-Aurdal",
        "Nord-Fron",
        "Nord-Odal",
        "Nordre Land",
        "Os",
        "Østre Toten",
        "Otta",
        "Øyer",
        "Øystre Slidre",
        "Raufoss",
        "Reinsvoll",
        "Rena",
        "Rendalen",
        "Ringebu",
        "Ringsaker",
        "Sand",
        "Sel",
        "Skarnes",
        "Skjåk",
        "Skotterud",
        "Skreia",
        "Søndre Land",
        "Sør-Aurdal",
        "Sør-Fron",
        "Sør-Odal",
        "Spetalen",
        "Stange",
        "Stor-Elvdal",
        "Tolga",
        "Tretten",
        "Trysil",
        "Tynset",
        "Vågå",
        "Vågåmo",
        "Våler",
        "Vang",
        "Vestre Slidre",
        "Vestre Toten",
        "Vinstra"
      ]
    },
    {
      "name": "Jan Mayen",
      "code": "22",
      "cities": []
    },
    {
      "name": "Møre og Romsdal",
      "code": "15",
      "cities": [
        "Ålesund",
        "Åndalsnes",
        "Aukra",
        "Aure",
        "Averøy",
        "Batnfjordsøra",
        "Brattvåg",
        "Eide",
        "Eidsvåg",
        "Elnesvågen",
        "Fræna",
        "Giske",
        "Gjemnes",
        "Halsa",
        "Haram",
        "Hareid",
        "Herøy",
        "Hjelset",
        "Hopen",
        "Kristiansund",
        "Larsnes",
        "Midsund",
        "Molde",
        "Nesset",
        "Norddal",
        "Nordstranda",
        "Ørskog",
        "Ørsta",
        "Rauma",
        "Rensvik",
        "Sande",
        "Sandøy",
        "Sjøholt",
        "Skodje",
        "Smøla",
        "Steinshamn",
        "Stordal",
        "Stranda",
        "Sula",
        "Sunndal",
        "Sunndalsøra",
        "Surnadal",
        "Sykkylven",
        "Tingvoll",
        "Tomra",
        "Ulstein",
        "Ulsteinvik",
        "Ulsteinvik weather pws station",
        "Vanylven",
        "Vatne",
        "Vestnes",
        "Volda"
      ]
    },
    {
      "name": "Nordland",
      "code": "18",
      "cities": [
        "Alstahaug",
        "Andenes",
        "Andøy",
        "Ballangen",
        "Beiarn",
        "Bindal",
        "Bjerkvik",
        "Bø",
        "Bodø",
        "Bogen",
        "Brønnøy",
        "Brønnøysund",
        "Dønna",
        "Evenes",
        "Evjen",
        "Fauske",
        "Flakstad",
        "Gildeskål",
        "Gladstad",
        "Glomfjord",
        "Grane",
        "Gravdal",
        "Hadsel",
        "Hamarøy",
        "Hattfjelldal",
        "Hauknes",
        "Hemnes",
        "Hemnesberget",
        "Herøy",
        "Inndyr",
        "Kabelvåg",
        "Kjøpsvik",
        "Korgen",
        "Leirfjord",
        "Leknes",
        "Leland",
        "Løding",
        "Lødingen",
        "Løpsmarka",
        "Lurøy",
        "Melbu",
        "Meløy",
        "Mo i Rana",
        "Mosjøen",
        "Moskenes",
        "Myre",
        "Narvik",
        "Nesna",
        "Øksnes",
        "Ørnes",
        "Rana",
        "Reine",
        "Rødøy",
        "Rognan",
        "Røst",
        "Saltdal",
        "Sandnessjøen",
        "Sømna",
        "Sørfold",
        "Sørland",
        "Sortland",
        "Steigen",
        "Stokmarknes",
        "Straume",
        "Straumen",
        "Svolvær",
        "Terråk",
        "Tjeldsund",
        "Træna",
        "Trofors",
        "Tysfjord",
        "Værøy",
        "Vågan",
        "Vefsn",
        "Vega",
        "Vestvågøy",
        "Vevelstad",
        "Vik"
      ]
    },
    {
      "name": "Oslo",
      "code": "03",
      "cities": [
        "Oslo",
        "Sjølyststranda"
      ]
    },
    {
      "name": "Østfold",
      "code": "31",
      "cities": [
        "Aremark",
        "Askim",
        "Eidsberg",
        "Fossby",
        "Fredrikstad",
        "Halden",
        "Hobøl",
        "Hvaler",
        "Karlshus",
        "Knappstad",
        "Larkollen",
        "Lervik",
        "Marker",
        "Moss",
        "Mysen",
        "Ørje",
        "Råde",
        "Rakkestad",
        "Rømskog",
        "Rygge",
        "Ryggebyen",
        "Sarpsborg",
        "Skiptvet",
        "Skjærhalden",
        "Skjeberg",
        "Spydeberg",
        "Trøgstad",
        "Våler"
      ]
    },
    {
      "name": "Rogaland",
      "code": "11",
      "cities": [
        "Åkrehamn",
        "Bjerkreim",
        "Bokn",
        "Bryne",
        "Egersund",
        "Eigersund",
        "Eike",
        "Finnøy",
        "Forsand",
        "Gjesdal",
        "Hå",
        "Hauge i Dalane",
        "Haugesund",
        "Hjelmeland",
        "Hommersåk",
        "Jørpeland",
        "Judaberg",
        "Karmøy",
        "Klepp",
        "Kopervik",
        "Kvitsøy",
        "Lund",
        "Lyefjell",
        "Moi",
        "Nærbø",
        "Ølen",
        "Randaberg",
        "Rennesøy",
        "Sæveland",
        "Sandnes",
        "Sauda",
        "Skudeneshavn",
        "Sokndal",
        "Sola",
        "Stavanger",
        "Strand",
        "Suldal",
        "Tananger",
        "Tau",
        "Time",
        "Tysvær",
        "Utsira",
        "Varhaug",
        "Vedavågen",
        "Vigrestad",
        "Vikeså",
        "Vikevåg",
        "Vindafjord",
        "Vormedal"
      ]
    },
    {
      "name": "Svalbard",
      "code": "21",
      "cities": []
    },
    {
      "name": "Telemark",
      "code": "40",
      "cities": [
        "Bamble",
        "Bø",
        "Dalen",
        "Drangedal",
        "Fyresdal",
        "Gvarv",
        "Herre",
        "Hjartdal",
        "Kragerø",
        "Kviteseid",
        "Lunde",
        "Nissedal",
        "Nome",
        "Notodden",
        "Porsgrunn",
        "Prestestranda",
        "Re",
        "Rjukan",
        "Sande",
        "Sauherad",
        "Seljord",
        "Siljan",
        "Skien",
        "Tinn",
        "Tokke",
        "Ulefoss",
        "Vinje"
      ]
    },
    {
      "name": "Troms",
      "code": "55",
      "cities": [
        "Balsfjord",
        "Bardu",
        "Dyrøy",
        "Gratangen",
        "Harstad",
        "Ibestad",
        "Karlsøy",
        "Kvæfjord",
        "Kvænangen",
        "Lavangen",
        "Lyngen",
        "Målselv",
        "Nordreisa",
        "Salangen",
        "Skjervøy",
        "Sørreisa",
        "Storfjord",
        "Tromsø"
      ]
    },
    {
      "name": "Trøndelag",
      "code": "50",
      "cities": [
        "Å i Åfjord",
        "Åfjord",
        "Agdenes",
        "Berkåk",
        "Bjugn",
        "Botngård",
        "Brekstad",
        "Fillan",
        "Flatanger",
        "Fosnes",
        "Frosta",
        "Frøya",
        "Grong",
        "Hemne",
        "Hitra",
        "Holtålen",
        "Hommelvik",
        "Høylandet",
        "Inderøy",
        "Indre Fosen",
        "Klæbu",
        "Kolvereid",
        "Kyrksæterøra",
        "Lauvsnes",
        "Leka",
        "Levanger",
        "Lierne",
        "Lundamo",
        "Malm",
        "Malvik",
        "Meldal",
        "Melhus",
        "Meråker",
        "Midtre Gauldal",
        "Nærøy",
        "Namdalseid",
        "Namsos",
        "Namsskogan",
        "Oppdal",
        "Orkdal",
        "Ørland",
        "Osen",
        "Overhalla",
        "Raarvihke - Røyrvik",
        "Ranemsletta",
        "Rennebu",
        "Rindal",
        "Roan",
        "Røros",
        "Rørvik",
        "Røyrvik",
        "Selbu",
        "Sistranda",
        "Skaun",
        "Skogn",
        "Snåase",
        "Snåase - Snåsa",
        "Snillfjord",
        "Steinkjer",
        "Stjørdal",
        "Stjørdalshalsen",
        "Straumen",
        "Trondheim",
        "Tydal",
        "Verdal",
        "Verran",
        "Vikna"
      ]
    },
    {
      "name": "Vestfold",
      "code": "39",
      "cities": [
        "Årøysund",
        "Åsgårdstrand",
        "Barkåker",
        "Berger",
        "Færder",
        "Gullhaug",
        "Holmestrand",
        "Horten",
        "Larvik",
        "Melsomvik",
        "Sandefjord",
        "Selvik",
        "Sem",
        "Skoppum",
        "Stavern",
        "Stokke",
        "Svelvik",
        "Tjøme",
        "Tønsberg"
      ]
    },
    {
      "name": "Vestland",
      "code": "46",
      "cities": [
        "Ågotnes",
        "Årdal",
        "Årdalstangen",
        "Askøy",
        "Askvoll",
        "Aurland",
        "Austevoll",
        "Austrheim",
        "Balestrand",
        "Bergen",
        "Bømlo",
        "Bremanger",
        "Dale",
        "Eid",
        "Eidfjord",
        "Eikelandsosen",
        "Eivindvik",
        "Espeland",
        "Etne",
        "Farnes",
        "Fedje",
        "Fitjar",
        "Fjaler",
        "Fjell",
        "Flora",
        "Florø",
        "Førde",
        "Frekhaug",
        "Fusa",
        "Gaular",
        "Gaupne",
        "Gloppen",
        "Granvin",
        "Gulen",
        "Hagavik",
        "Hardbakke",
        "Hermansverk",
        "Hornindal",
        "Høyanger",
        "Hylkje",
        "Hyllestad",
        "Indre Arna",
        "Jølster",
        "Jondal",
        "Kinsarvik",
        "Knappskog",
        "Knarvik",
        "Kvam",
        "Kvinnherad",
        "Lærdal",
        "Lærdalsøyri",
        "Leikanger",
        "Leirvik",
        "Lindås",
        "Lonevåg",
        "Luster",
        "Måløy",
        "Manger",
        "Masfjorden",
        "Meland",
        "Modalen",
        "Mosterhamn",
        "Naustdal",
        "Nordfjordeid",
        "Norheimsund",
        "Odda",
        "Os",
        "Osterøy",
        "Øygarden",
        "Øystese",
        "Radøy",
        "Rosendal",
        "Rubbestadneset",
        "Sagvåg",
        "Samnanger",
        "Sandane",
        "Sande",
        "Sandsli",
        "Selje",
        "Skogsvågen",
        "Sogndal",
        "Solund",
        "Stord",
        "Storebø",
        "Straume",
        "Stryn",
        "Sund",
        "Sveio",
        "Svelgen",
        "Syfteland",
        "Tysnes",
        "Ullensvang",
        "Ulvik",
        "Vågsøy",
        "Vaksdal",
        "Vik",
        "Voss",
        "Ytre Arna",
        "Ytrebygda"
      ]
    }
  ]
}