{
  "name": "Panama",
  "iso2": "PA",
  "iso3": "PAN",
  "phonecode": "507",
  "states": [
    {
      "name": "Bocas del Toro",
      "code": "1",
      "cities": [
        "Almirante",
        "Barranco",
        "Barranco Adentro",
        "Bastimentos",
        "Bocas del Toro",
        "Cauchero",
        "Changuinola",
        "Chiriquí Grande",
        "Distrito Chiriquí Grande",
        "Distrito de Bocas del Toro",
        "Distrito de Changuinola",
        "El Empalme",
        "El Silencio",
        "Guabito",
        "Isla Bastimentos",
        "Miramar",
        "Punta Laurel",
        "Punta Peña",
        "Punta Róbalo",
        "Valle del Risco"
      ]
    },
    {
      "name": "Chiriquí Province",
      "code": "4",
      "cities": [
        "Alanje",
        "Algarrobos Arriba",
        "Alto Boquete",
        "Aserrío de Gariché",
        "Bágala",
        "Bajo Boquete",
        "Barrio Guadalupe",
        "Bijagual",
        "Boca Chica",
        "Boca del Monte",
        "Boquerón",
        "Boquete",
        "Breñón",
        "Bugaba",
        "Bugabita Arriba",
        "Caimito",
        "Caldera",
        "Cañas Gordas",
        "Celmira",
        "Cerro Punta",
        "Cerro Viejo",
        "Chiriquí",
        "Cochea Abajo",
        "Cordillera",
        "David",
        "Distrito de Alanje",
        "Distrito de Barú",
        "Distrito de Boquerón",
        "Distrito de Boquete",
        "Distrito de Bugaba",
        "Distrito de David",
        "Distrito de Dolega",
        "Distrito de Gualaca",
        "Distrito de Remedios",
        "Distrito de Renacimiento",
        "Distrito de San Félix",
        "Distrito de San Lorenzo",
        "Distrito de Tolé",
        "Divalá",
        "Dolega",
        "El Nancito",
        "El Palmar",
        "El Porvenir",
        "El Tejar",
        "Finca Blanco",
        "Gómez",
        "Guabal",
        "Guaca Arriba",
        "Gualaca",
        "Guayabal",
        "Horconcitos",
        "La Concepción",
        "La Esperanza",
        "La Estrella",
        "Lajas Adentro",
        "Lajas de Tolé",
        "Las Lajas",
        "Las Lomas",
        "Limones",
        "Los Anastacios",
        "Los Ángeles",
        "Los Naranjos",
        "Manaca Civil",
        "Manaca Norte",
        "Mata del Nance",
        "Monte Lirio",
        "Nuevo San Carlitos",
        "Paja de Sombrero",
        "Palmira",
        "Palmira Centro",
        "Paso Canoas Arriba",
        "Pedregal",
        "Plaza de Caisán",
        "Potrerillos Abajo",
        "Potrerillos Arriba",
        "Progreso",
        "Pueblo Viejo",
        "Puerto Armuelles",
        "Punta de Burica",
        "Quebrada de Piedra",
        "Querévalo",
        "Quinteño",
        "Remedios",
        "Rincón",
        "Río Sereno",
        "Rovira Arriba",
        "San Andrés",
        "San Félix",
        "San Isidro",
        "San Lorenzo",
        "San Pablo Nuevo Abajo",
        "San Pablo Viejo Abajo",
        "Santa Cruz",
        "Santa Marta",
        "Santa Rosa",
        "Santo Domingo",
        "Santo Tomás",
        "Sioguí Abajo",
        "Sioguí Arriba",
        "Sortova",
        "Tijeras",
        "Tinajas",
        "Tolé",
        "Veladero",
        "Volcán"
      ]
    },
    {
      "name": "Coclé",
      "code": "2",
      "cities": [
        "Aguadulce",
        "Aguas Blancas",
        "Alto de La Estancia",
        "Antón",
        "Barranco Colorado",
        "Caballero",
        "Cabuya",
        "Cañaveral",
        "Capellanía",
        "Chigoré",
        "Chiguirí Arriba",
        "Churuquita Chiquita",
        "Churuquita Grande",
        "Coclé",
        "Distrito de Aguadulce",
        "Distrito de Antón",
        "Distrito de La Pintada",
        "Distrito de Natá",
        "Distrito de Olá",
        "Distrito Penonomé",
        "El Caño",
        "El Chirú",
        "El Copé",
        "El Cortezo",
        "El Cristo",
        "El Retiro",
        "El Roble",
        "Entradero",
        "Farallón",
        "Guzman",
        "La Pintada",
        "Las Huacas del Quije",
        "Las Marias",
        "Las Minas",
        "Las Sabanas",
        "Llano Grande",
        "Llano Marín",
        "Los Pollos",
        "Natá",
        "Nuestro Amo",
        "Olá",
        "Penonomé",
        "Pocrí",
        "Río Hato",
        "San Juan de Dios",
        "Toabré",
        "Toza"
      ]
    },
    {
      "name": "Colón",
      "code": "3",
      "cities": [
        "Buena Vista",
        "Cativá",
        "Coclé del Norte",
        "Colón",
        "Cristóbal",
        "Distrito de Chagres",
        "Distrito de Colón",
        "Distrito de Donoso",
        "Distrito de Portobelo",
        "Distrito de Santa Isabel",
        "El Giral",
        "El Guabo",
        "El Valle de la Unión",
        "Escobal",
        "Gatún",
        "Gatuncillo",
        "Las Margaritas",
        "María Chiquita",
        "Nombre de Dios",
        "Nuevo Chagres",
        "Nuevo San Juan",
        "Nuevo Vigía",
        "Palenque",
        "Palmas Bellas",
        "Playa Chiquita",
        "Portobelo",
        "Puerto Escondido",
        "Puerto Pilón",
        "Quebrada Bonita Adentro",
        "Río Alejandro",
        "Río Duque",
        "Río Rita",
        "Sabanitas",
        "Santa Isabel",
        "Santa Rita Arriba",
        "Viento Frío"
      ]
    },
    {
      "name": "Darién",
      "code": "5",
      "cities": [
        "Boca de Cupé",
        "Camogantí",
        "Cucunatí",
        "Distrito de Chepigana",
        "Distrito de Pinogana",
        "Garachiné",
        "Jaqué",
        "Metetí",
        "Mortí",
        "Púcuro",
        "Yaviza"
      ]
    },
    {
      "name": "Emberá-Wounaan Comarca",
      "code": "EM",
      "cities": [
        "Bayamón",
        "Cémaco",
        "Sambú",
        "Unión Chocó",
        "Yape"
      ]
    },
    {
      "name": "Guna",
      "code": "KY",
      "cities": [
        "Achutupo",
        "Ailigandí",
        "Cartí Sugdup",
        "Mulatupo",
        "Narganá",
        "Playón Chico",
        "Puerto Obaldía",
        "San Ignacio de Tupile",
        "Tubualá",
        "Ustupo"
      ]
    },
    {
      "name": "Herrera",
      "code": "6",
      "cities": [
        "Boca de Parita",
        "Cerro Largo",
        "Chitré",
        "Chumical",
        "Chupampa",
        "Distrito de Chitré",
        "Distrito de Las Minas",
        "Distrito de Los Pozos",
        "Distrito de Ocú",
        "Distrito de Parita",
        "Distrito de Pesé",
        "Distrito de Santa María",
        "El Calabacito",
        "El Capurí",
        "El Cedro",
        "El Toro",
        "La Arena",
        "La Trinidad",
        "Limón de Tijeras",
        "Llano Bonito",
        "Llano de La Cruz",
        "Los Canelos",
        "Los Cerritos",
        "Los Cerros de Paja",
        "Los Pozos",
        "Monagrillo",
        "Ocú",
        "París",
        "Parita",
        "Peñas Chatas",
        "Pesé",
        "Pitaloza Arriba",
        "Portobelillo",
        "Potuga",
        "Quebrada del Rosario",
        "Rincón Hondo",
        "San Juan Bautista",
        "Santa María"
      ]
    },
    {
      "name": "Los Santos",
      "code": "7",
      "cities": [
        "Agua Buena",
        "Ave María",
        "Bahía Honda",
        "Bajo Corral",
        "Bayano",
        "Bella Vista",
        "Cambutal",
        "Cañas",
        "Cedro Arriba",
        "Distrito de Guararé",
        "Distrito de Las Tablas",
        "Distrito de Los Santos",
        "Distrito de Macaracas",
        "Distrito de Pedasí",
        "Distrito de Pocrí",
        "Distrito de Tonosí",
        "El Cañafístulo",
        "El Carate",
        "El Cocal",
        "El Ejido",
        "El Guásimo",
        "El Hato",
        "El Macano",
        "El Manantial",
        "El Muñoz",
        "El Pedregoso",
        "Flores",
        "Guararé",
        "Guararé Arriba",
        "La Colorada",
        "La Enea",
        "La Espigadilla",
        "La Laja",
        "La Mesa",
        "La Miel",
        "La Palma",
        "La Pasera",
        "La Tiza",
        "La Tronosa",
        "Lajamina",
        "Las Cruces",
        "Las Guabas",
        "Las Palmas",
        "Las Palmitas",
        "Las Tablas",
        "Las Trancas",
        "Llano Abajo",
        "Llano de Piedra",
        "Llano Largo",
        "Los Asientos",
        "Los Olivos",
        "Los Santos",
        "Macaracas",
        "Mogollón",
        "Nuario",
        "Oria Arriba",
        "Paraíso",
        "Paritilla",
        "Pedasí",
        "Peña Blanca",
        "Perales",
        "Río Hondo",
        "Sabana Grande",
        "Santa Ana Arriba",
        "Sesteadero",
        "Tonosí",
        "Tres Quebradas",
        "Valle Rico",
        "Vallerriquito",
        "Villa Lourdes"
      ]
    },
    {
      "name": "Naso Tjër Di",
      "code": "NT",
      "cities": [
        "Bonyik",
        "San San Drui",
        "Sieyic",
        "Teribe"
      ]
    },
    {
      "name": "Ngöbe-Buglé Comarca",
      "code": "NB",
      "cities": [
        "Bahía Azul",
        "Besiko",
        "Bisira",
        "Boca de Balsa",
        "Buenos Aires",
        "Camarón Arriba",
        "Cerro Banco",
        "Cerro Caña",
        "Cerro Plata",
        "Chichica",
        "Hato Chami",
        "Hato Corotú",
        "Kankintú",
        "Kusapín",
        "Lajero Arriba",
        "Llano Ñopo",
        "Loma Yuca",
        "Mirono",
        "Müna",
        "Nole Düima",
        "Nurun",
        "Oma",
        "Paredón Arriba",
        "Plan de Chorcha",
        "Pueblo Nuevo",
        "Quebrada Canoa",
        "Quebrada Tula",
        "Sitio Prado",
        "Tobobe"
      ]
    },
    {
      "name": "Panamá",
      "code": "8",
      "cities": [
        "Alcalde Díaz",
        "Ancón",
        "Brujas",
        "Cabra Número Uno",
        "Caimitillo",
        "Calzada Larga",
        "Cañita",
        "Cerro Azul",
        "Chepillo",
        "Chepo",
        "Chilibre",
        "Chimán",
        "Contadora",
        "Curundú",
        "Distrito de Balboa",
        "Distrito de Chepo",
        "Distrito de Chimán",
        "Distrito de Panamá",
        "Distrito de Taboga",
        "El Chorrillo",
        "El Progreso",
        "Gonzalillo",
        "Howard",
        "Juan Díaz",
        "La Cabima",
        "La Ensenada",
        "La Esmeralda",
        "La Guinea",
        "Las Cumbres",
        "Lídice",
        "Los Lotes",
        "Nueva Esperanza",
        "Nuevo Belén",
        "Pacora",
        "Panamá",
        "Parque Lefevre",
        "Pásiga",
        "Río Abajo",
        "San Antonio",
        "San Felipe",
        "San Miguel",
        "San Miguelito",
        "San Vicente",
        "Tocumen",
        "Tortí",
        "Unión de Azuero",
        "Unión Santeña",
        "Villa Unida",
        "Vista Hermosa"
      ]
    },
    {
      "name": "Panamá Oeste",
      "code": "10",
      "cities": [
        "Alto del Espino",
        "Altos de San Francisco",
        "Arenosa",
        "Arosemena",
        "Arraiján",
        "Bejuco",
        "Capira",
        "Cermeño",
        "Cerro Cama",
        "Chame",
        "Cirí de Los Sotos",
        "Distrito Arraiján",
        "Distrito de Capira",
        "Distrito de Chame",
        "Distrito de La Chorrera",
        "Distrito de San Carlos",
        "El Cacao",
        "El Coco",
        "El Espavé",
        "El Espino",
        "El Higo",
        "El Líbano",
        "Guadalupe",
        "Guayabito",
        "Hato Montaña",
        "La Chorrera",
        "La Ermita",
        "La Herradura",
        "La Mitra",
        "La Pesa",
        "Las Colinas",
        "Las Uvas",
        "Los Llanitos",
        "Mendoza",
        "Nueva Arenosa",
        "Nueva Gorgona",
        "Nuevo Arraiján",
        "Nuevo Emperador",
        "Playa Leona",
        "Potrero Grande",
        "Puerto Caimito",
        "Río Congo",
        "San Carlos",
        "San José",
        "San Vicente de Bique",
        "Santa Clara",
        "Santa Rita",
        "Sorá",
        "Veracruz",
        "Villa Carmen",
        "Villa Rosario",
        "Vista Alegre"
      ]
    },
    {
      "name": "Veraguas",
      "code": "9",
      "cities": [
        "Alto de Jesús",
        "Arenas",
        "Atalaya",
        "Barnizal",
        "Bisvalles",
        "Boró",
        "Calabacito",
        "Calidonia",
        "Calobre",
        "Calovébora",
        "Cañazas",
        "Canto del Llano",
        "Corozal",
        "Distrito de Atalaya",
        "Distrito de Calobre",
        "Distrito de Cañazas",
        "Distrito de La Mesa",
        "Distrito de Las Palmas",
        "Distrito de Montijo",
        "Distrito de Río de Jesús",
        "Distrito de San Francisco",
        "Distrito de Santa Fé",
        "Distrito de Santiago",
        "Distrito de Soná",
        "El Alto",
        "El Barrito",
        "El Coclá",
        "El Espino de Santa Rosa",
        "El Marañón",
        "El María",
        "El Pájaro",
        "El Pantano",
        "El Peñón",
        "El Picador",
        "El Potrero",
        "El Rincón",
        "El Uvito",
        "Guarumal",
        "La Garceana",
        "La Laguna",
        "La Loma",
        "La Montañuela",
        "La Peña",
        "La Raya de Calobre",
        "La Raya de Santa María",
        "La Yeguada",
        "Las Guías Abajo",
        "Las Huacas",
        "Leones Arriba",
        "Lolá",
        "Los Algarrobos",
        "Los Castillos",
        "Los Higos",
        "Mariato",
        "Monjarás",
        "Montijo",
        "Piedras Gordas",
        "Ponuga",
        "Puerto Vidal",
        "Quebrada de Oro",
        "Río de Jesús",
        "Río Grande",
        "Rodeo Viejo",
        "San Bartolo",
        "San Francisco",
        "San Juan",
        "San Marcelo",
        "San Pedro del Espino",
        "Santa Fé",
        "Santiago de Veraguas",
        "Soná",
        "Tebario",
        "Utirá",
        "Viguí",
        "Zapotillo"
      ]
    }
  ]
}