{
  "name": "Senegal",
  "iso2": "SN",
  "iso3": "SEN",
  "phonecode": "221",
  "states": [
    {
      "name": "Dakar",
      "code": "DK",
      "cities": [
        "Dakar",
        "Dakar Department",
        "Guédiawaye Department",
        "Mermoz Boabab",
        "N’diareme limamoulaye",
        "Pikine",
        "Pikine Department",
        "Rufisque Department"
      ]
    },
    {
      "name": "Diourbel Region",
      "code": "DB",
      "cities": [
        "Mbacké",
        "Mbaké",
        "Tiébo",
        "Touba"
      ]
    },
    {
      "name": "Fatick",
      "code": "FK",
      "cities": [
        "Diofior",
        "Fatick Department",
        "Foundiougne",
        "Guinguinéo",
        "Passi",
        "Pourham",
        "Sokone"
      ]
    },
    {
      "name": "Kaffrine",
      "code": "KA",
      "cities": [
        "Kaffrine",
        "Koungheul"
      ]
    },
    {
      "name": "Kaolack",
      "code": "KL",
      "cities": [
        "Gandiaye",
        "Kaolack",
        "Ndofane",
        "Nioro du Rip"
      ]
    },
    {
      "name": "Kédougou",
      "code": "KE",
      "cities": [
        "Département de Salémata",
        "Kédougou",
        "Kédougou Department",
        "Saraya"
      ]
    },
    {
      "name": "Kolda",
      "code": "KD",
      "cities": [
        "Kolda",
        "Kolda Department",
        "Marsassoum",
        "Vélingara"
      ]
    },
    {
      "name": "Louga",
      "code": "LG",
      "cities": [
        "Dara",
        "Guéoul",
        "Linguere Department",
        "Louga",
        "Ndibène Dahra"
      ]
    },
    {
      "name": "Matam",
      "code": "MT",
      "cities": [
        "Diawara",
        "Kanel",
        "Matam",
        "Matam Department",
        "Ouro Sogui",
        "Ranérou",
        "Sémé",
        "Waoundé"
      ]
    },
    {
      "name": "Saint-Louis",
      "code": "SL",
      "cities": [
        "Goléré",
        "Ndioum",
        "Polel Diaoubé",
        "Richard-Toll",
        "Rosso",
        "Saint-Louis"
      ]
    },
    {
      "name": "Sédhiou",
      "code": "SE",
      "cities": [
        "Goudomp Department",
        "Sédhiou"
      ]
    },
    {
      "name": "Tambacounda Region",
      "code": "TC",
      "cities": [
        "Tambacounda",
        "Tambacounda Department"
      ]
    },
    {
      "name": "Thiès Region",
      "code": "TH",
      "cities": [
        "Joal-Fadiout",
        "Kayar",
        "Khombole",
        "Mbour",
        "Mékhé",
        "Nguékhokh",
        "Pout",
        "Thiès",
        "Thiès Nones",
        "Tiadiaye",
        "Tivaouane",
        "Warang"
      ]
    },
    {
      "name": "Ziguinchor",
      "code": "ZG",
      "cities": [
        "Adéane",
        "Bignona",
        "Oussouye",
        "Tionk Essil",
        "Ziguinchor"
      ]
    }
  ]
}