{
  "name": "Thailand",
  "iso2": "TH",
  "iso3": "THA",
  "phonecode": "66",
  "states": [
    {
      "name": "Amnat Charoen",
      "code": "37",
      "cities": [
        "Amnat Charoen",
        "Chanuman",
        "Hua Taphan",
        "Lue Amnat",
        "Mueang Amnat Charoen",
        "Pathum Ratchawongsa",
        "Phana",
        "Senangkhanikhom"
      ]
    },
    {
      "name": "Ang Thong",
      "code": "15",
      "cities": [
        "Amphoe Chaiyo",
        "Amphoe Pho Thong",
        "Ang Thong",
        "Ban Thai Tan",
        "Chaiyo",
        "Mueang Ang Thong",
        "Pa Mok",
        "Pho Thong",
        "Sawaeng Ha",
        "Wiset Chai Chan",
        "Wiset Chaichan"
      ]
    },
    {
      "name": "Bangkok",
      "code": "10",
      "cities": [
        "Bang Bon",
        "Bang Kapi",
        "Bang Khae",
        "Bang Khen",
        "Bang Kho laen",
        "Bang Khun thain",
        "Bang Na",
        "Bang Phlat",
        "Bang Rak",
        "Bang Sue",
        "Bangkok",
        "Bangkok Noi",
        "Bangkok Yai",
        "Bueng Kum",
        "Chatu Chak",
        "Chom Thong",
        "Din Daeng",
        "Don Mueang",
        "Dusit",
        "Huai Khwang",
        "Khan Na Yao",
        "Khlong Sam Wa",
        "Khlong San",
        "Khlong Toei",
        "Lak Si",
        "Lat Krabang",
        "Lat Phrao",
        "Min Buri",
        "Nong Chok",
        "Nong Khaem",
        "Parthum Wan",
        "Phasi Charoen",
        "Phaya Thai",
        "Phra Khanong",
        "Phra Nakhon",
        "Pom Prap Sattru Phai",
        "Pra Wet",
        "Rat Burana",
        "Ratchathewi",
        "Sai Mai",
        "Samphanthawong",
        "Saphan Sung",
        "Sathon",
        "Suanluang",
        "Taling Chan",
        "Thawi Watthana",
        "Thon buri",
        "Thung khru",
        "Vadhana",
        "Wang Thong Lang",
        "Yan na wa"
      ]
    },
    {
      "name": "Bueng Kan",
      "code": "38",
      "cities": [
        "Amphoe Seka",
        "Bueng Kan",
        "Bueng Khong Long",
        "Bung Khla",
        "Mueang Bueng Kan",
        "Pak Khat",
        "Phon Charoen",
        "Seka",
        "Si Wilai",
        "So Phisai"
      ]
    },
    {
      "name": "Buri Ram",
      "code": "31",
      "cities": [
        "Amphoe Nang Rong",
        "Amphoe Nong Ki",
        "Amphoe Prakhon Chai",
        "Amphoe Satuek",
        "Ban Dan",
        "Ban Kruat",
        "Ban Mai Chaiyaphot",
        "Buri Ram",
        "Chaloem Phra Kiat",
        "Chamni",
        "Huai Rat",
        "Khaen Dong",
        "Khu Mueang",
        "Krasang",
        "Lahan Sai",
        "Lam Plai Mat",
        "Mueang Buriram",
        "Na Pho",
        "Nang Rong",
        "Non Din Daeng",
        "Non Suwan",
        "Nong Hong",
        "Nong Ki",
        "Pa Kham",
        "Phlapphla Chai",
        "Phutthaisong",
        "Prakhon Chai",
        "Satuek"
      ]
    },
    {
      "name": "Chachoengsao",
      "code": "24",
      "cities": [
        "Amphoe Bang Khla",
        "Amphoe Bang Nam Priao",
        "Amphoe Bang Pakong",
        "Amphoe Khlong Khuean",
        "Amphoe Phanom Sarakham",
        "Ban Pho",
        "Bang Khla",
        "Bang Nam Priao",
        "Bang Pakong",
        "Chachoengsao",
        "Khlong Khuean",
        "Mueang Chachoengsao",
        "Phanom Sarakham",
        "Plaeng Yao",
        "Ratchasan",
        "Sanam Chai Khet",
        "Tha Takiap"
      ]
    },
    {
      "name": "Chai Nat",
      "code": "18",
      "cities": [
        "Chai Nat",
        "Hankha",
        "Manorom",
        "Mueang Chainat",
        "Noen Kham",
        "Nong Mamong",
        "Sankhaburi",
        "Sapphaya",
        "Wat Sing"
      ]
    },
    {
      "name": "Chaiyaphum",
      "code": "36",
      "cities": [
        "Bamnet Narong",
        "Chaiyaphum",
        "Kaeng Khro",
        "Kaset Sombun",
        "Nakhon Nayok",
        "Phu Khiao"
      ]
    },
    {
      "name": "Chanthaburi",
      "code": "22",
      "cities": [
        "Amphoe Khlung",
        "Amphoe Laem Sing",
        "Amphoe Pong Nam Ron",
        "Amphoe Tha Mai",
        "Chanthaburi",
        "Kaeng Hang Maeo",
        "Khao Khitchakut",
        "Khlung",
        "Laem Sing",
        "Makham",
        "Mueang Chanthaburi",
        "Na Yai Am",
        "Pong Nam Ron",
        "Soi Dao",
        "Tha Mai"
      ]
    },
    {
      "name": "Chiang Mai",
      "code": "50",
      "cities": [
        "Amphoe Chai Prakan",
        "Amphoe Chom Thong",
        "Amphoe Fang",
        "Amphoe Hang Dong",
        "Amphoe San Kamphaeng",
        "Amphoe San Pa Tong",
        "Chai Prakan",
        "Chiang Dao",
        "Chiang Mai",
        "Chom Thong",
        "Doi Lo",
        "Doi Saket",
        "Doi Tao",
        "Fang",
        "Galyani Vadhana",
        "Hang Dong",
        "Hot",
        "Mae Ai",
        "Mae Chaem",
        "Mae On",
        "Mae Rim",
        "Mae Taeng",
        "Mae Wang",
        "Mueang Chiang Mai",
        "Om Koi",
        "Pai",
        "Phrao",
        "Samoeng",
        "San Kamphaeng",
        "San Pa Tong",
        "San Sai",
        "Saraphi",
        "Wiang Haeng"
      ]
    },
    {
      "name": "Chiang Rai",
      "code": "57",
      "cities": [
        "Amphoe Chiang Khong",
        "Amphoe Chiang Saen",
        "Amphoe Mae Chan",
        "Amphoe Mae Sai",
        "Amphoe Pa Daet",
        "Chiang Khong",
        "Chiang Rai",
        "Chiang Saen",
        "Doi Luang",
        "Khun Tan",
        "Mae Chan",
        "Mae Fa Luang",
        "Mae Lao",
        "Mae Sai",
        "Mae Suai",
        "Mueang Chiang Rai",
        "Pa Daet",
        "Phan",
        "Phaya Mengrai",
        "Thoeng",
        "Wiang Chai",
        "Wiang Chiang Rung",
        "Wiang Kaen",
        "Wiang Pa Pao"
      ]
    },
    {
      "name": "Chon Buri",
      "code": "20",
      "cities": [
        "Amphoe Ban Bueng",
        "Amphoe Ko Si Chang",
        "Amphoe Phan Thong",
        "Amphoe Phanat Nikhom",
        "Amphoe Sattahip",
        "Amphoe Si Racha",
        "Ban Bueng",
        "Ban Ko Lan",
        "Ban Talat Bueng",
        "Bang Lamung",
        "Bang Lamung District",
        "Bo Thong",
        "Chon Buri",
        "Ko Chan",
        "Ko Si Chang",
        "Mueang Chonburi",
        "Nong Yai",
        "Pattaya",
        "Phan Thong",
        "Phanat Nikhom",
        "Sattahip",
        "Si Racha"
      ]
    },
    {
      "name": "Chumphon",
      "code": "86",
      "cities": [
        "Amphoe Lang Suan",
        "Ban Nam Yuen",
        "Chumphon",
        "Lamae",
        "Lang Suan",
        "Mueang Chumphon",
        "Pathio",
        "Phato",
        "Sawi",
        "Tha Sae",
        "Thung Tako"
      ]
    },
    {
      "name": "Kalasin",
      "code": "46",
      "cities": [
        "Amphoe Huai Mek",
        "Amphoe Kamalasai",
        "Amphoe Khao Wong",
        "Amphoe Kuchinarai",
        "Amphoe Nong Kung Si",
        "Amphoe Yang Talat",
        "Don Chan",
        "Huai Mek",
        "Huai Phueng",
        "Kalasin",
        "Kamalasai",
        "Kham Muang",
        "Khao Wong",
        "Khong Chai",
        "Kuchinarai",
        "Mueang Kalasin",
        "Na Khu",
        "Na Mon",
        "Nong Kung Si",
        "Rong Kham",
        "Sahatsakhan",
        "Sam Chai",
        "Somdet",
        "Tha Khantho",
        "Yang Talat"
      ]
    },
    {
      "name": "Kamphaeng Phet",
      "code": "62",
      "cities": [
        "Amphoe Khanu Woralaksaburi",
        "Amphoe Lan Krabue",
        "Bueng Samakkhi",
        "Kamphaeng Phet",
        "Khanu Woralaksaburi",
        "Khlong Khlung",
        "Khlong Lan",
        "Kosamphi Nakhon",
        "Lan Krabue",
        "Mueang Kamphaeng Phet",
        "Pang Sila Thong",
        "Phran Kratai",
        "Sai Ngam",
        "Sai Thong Watthana"
      ]
    },
    {
      "name": "Kanchanaburi",
      "code": "71",
      "cities": [
        "Amphoe Bo Phloi",
        "Amphoe Phanom Thuan",
        "Amphoe Sangkhla Buri",
        "Amphoe Tha Maka",
        "Amphoe Tha Muang",
        "Bo Phloi",
        "Dan Makham Tia",
        "Huai Krachao",
        "Kanchanaburi",
        "Lao Khwan",
        "Mueang Kanchanaburi",
        "Nong Prue",
        "Phanom Thuan",
        "Sai Yok",
        "Sangkhla Buri",
        "Si Sawat",
        "Tha Maka",
        "Tha Muang",
        "Thong Pha Phum"
      ]
    },
    {
      "name": "Khon Kaen",
      "code": "40",
      "cities": [
        "Amphoe Ban Phai",
        "Amphoe Chum Phae",
        "Amphoe Kranuan",
        "Amphoe Phon",
        "Amphoe Pueai Noi",
        "Ban Fang",
        "Ban Haet",
        "Ban Phai",
        "Chonnabot",
        "Chum Phae",
        "Khao Suan Kwang",
        "Khok Pho Chai",
        "Khon Kaen",
        "Kranuan",
        "Mancha Khiri",
        "Mueang Khon Kaen",
        "Nam Phong",
        "Non Sila",
        "Nong Na Kham",
        "Nong Ruea",
        "Nong Song Hong",
        "Phon",
        "Phra Yuen",
        "Phu Pha Man",
        "Phu Wiang",
        "Pueai Noi",
        "Sam Sung",
        "Si Chom Phu",
        "Ubolratana",
        "Waeng Noi",
        "Waeng Yai",
        "Wiang Kao"
      ]
    },
    {
      "name": "Krabi",
      "code": "81",
      "cities": [
        "Amphoe Ao Luek",
        "Amphoe Ko Lanta",
        "Amphoe Nuea Khlong",
        "Ao Luek",
        "Khao Phanom",
        "Khlong Thom",
        "Ko Lanta",
        "Krabi",
        "Lam Thap",
        "Mueang Krabi",
        "Nuea Khlong",
        "Plai Phraya",
        "Saladan"
      ]
    },
    {
      "name": "Lampang",
      "code": "52",
      "cities": [
        "Amphoe Mae Tha",
        "Amphoe Thoen",
        "Amphoe Wang Nuea",
        "Chae Hom",
        "Hang Chat",
        "Ko Kha",
        "Lampang",
        "Mae Mo",
        "Mae Phrik",
        "Mueang Lampang",
        "Mueang Pan",
        "Ngao",
        "Soem Ngam",
        "Sop Prap",
        "Thoen",
        "Wang Nuea"
      ]
    },
    {
      "name": "Lamphun",
      "code": "51",
      "cities": [
        "Amphoe Mae Tha",
        "Amphoe Pa Sang",
        "Ban Hong",
        "Ban Thi",
        "Lamphun",
        "Li",
        "Mae Tha",
        "Mueang Lamphun",
        "Pa Sang",
        "Thung Hua Chang",
        "Wiang Nong Long"
      ]
    },
    {
      "name": "Loei",
      "code": "42",
      "cities": [
        "Amphoe Phu Kradueng",
        "Amphoe Wang Saphung",
        "Chiang Khan",
        "Dan Sai",
        "Erawan",
        "Loei",
        "Mueang Loei",
        "Na Duang",
        "Na Haeo",
        "Nong Hin",
        "Pak Chom",
        "Pha Khao",
        "Phu Kradueng",
        "Phu Luang",
        "Phu Ruea",
        "Tha Li",
        "Wang Saphung"
      ]
    },
    {
      "name": "Lop Buri",
      "code": "16",
      "cities": [
        "Amphoe Chai Badan",
        "Ban Mi",
        "Chai Badan",
        "Khok Charoen",
        "Khok Samrong",
        "Lam Sonthi",
        "Lop Buri",
        "Muang Lop Buri",
        "Nong Muang",
        "Phatthana Nikhom",
        "Sa Bot",
        "Tha Luang",
        "Tha Wung"
      ]
    },
    {
      "name": "Mae Hong Son",
      "code": "58",
      "cities": [
        "Khun Yuam",
        "Mae Hong Son",
        "Mae La Noi",
        "Mae Sariang",
        "Mueang Mae Hong Son",
        "Pai",
        "Pang Mapha",
        "Sop Moei"
      ]
    },
    {
      "name": "Maha Sarakham",
      "code": "44",
      "cities": [
        "Amphoe Kosum Phisai",
        "Amphoe Phayakkhaphum Phisai",
        "Amphoe Wapi Pathum",
        "Borabue",
        "Chiang Yuen",
        "Chuen Chom",
        "Kae Dam",
        "Kantharawichai",
        "Kosum Phisai",
        "Kut Rang",
        "Maha Sarakham",
        "Mueang Maha Sarakham",
        "Na Chueak",
        "Na Dun",
        "Phayakkhaphum Phisai",
        "Wapi Pathum",
        "Yang Si Surat"
      ]
    },
    {
      "name": "Mukdahan",
      "code": "49",
      "cities": [
        "Don Tan",
        "Dong Luang",
        "Khamcha-i",
        "Mueang Mukdahan",
        "Mukdahan",
        "Nikhom Kham Soi",
        "Nong Sung",
        "Wan Yai"
      ]
    },
    {
      "name": "Nakhon Nayok",
      "code": "26",
      "cities": [
        "Ban Na",
        "Mueang Nakhon Nayok",
        "Nakhon Nayok",
        "Ongkharak",
        "Pak Phli"
      ]
    },
    {
      "name": "Nakhon Pathom",
      "code": "73",
      "cities": [
        "Amphoe Bang Len",
        "Amphoe Sam Phran",
        "Bang Len",
        "Don Tum",
        "Kamphaeng Saen",
        "Mueang Nakhon Pathom",
        "Nakhon Chai Si",
        "Nakhon Pathom",
        "Phutthamonthon",
        "Sam Phran"
      ]
    },
    {
      "name": "Nakhon Phanom",
      "code": "48",
      "cities": [
        "Amphoe Na Wa",
        "Amphoe That Phanom",
        "Ban Phaeng",
        "Mueang Nakhon Phanom",
        "Na Kae",
        "Na Thom",
        "Na Wa",
        "Nakhon Phanom",
        "Phon Sawan",
        "Pla Pak",
        "Renu Nakhon",
        "Si Songkhram",
        "Tha Uthen",
        "That Phanom",
        "Wangyang"
      ]
    },
    {
      "name": "Nakhon Ratchasima",
      "code": "30",
      "cities": [
        "Amphoe Bua Yai",
        "Amphoe Chok Chai",
        "Amphoe Dan Khun Thot",
        "Amphoe Kham Sakae Saeng",
        "Amphoe Khon Buri",
        "Amphoe Non Sung",
        "Amphoe Non Thai",
        "Amphoe Pak Chong",
        "Amphoe Pak Thong Chai",
        "Amphoe Phimai",
        "Amphoe Soeng Sang",
        "Amphoe Sung Noen",
        "Ban Huai Thalaeng",
        "Ban Lueam",
        "Bua Lai",
        "Bua Yai",
        "Chakkarat",
        "Chaloem Phra Kiat",
        "Chok Chai",
        "Chum Phuang",
        "Dan Khun Thot",
        "Huai Thalaeng",
        "Kaeng Sanam Nang",
        "Kham Sakae Saeng",
        "Kham Thale So",
        "Khon Buri",
        "Khong",
        "Lam Thamen Chai",
        "Mueang Nakhon Ratchasima",
        "Mueang Yang",
        "Nakhon Ratchasima",
        "Non Daeng",
        "Non Sung",
        "Non Thai",
        "Nong Bun Mak",
        "Pak Chong",
        "Pak Thong Chai",
        "Phimai",
        "Phra Thong Kham",
        "Prathai",
        "Sida",
        "Sikhio",
        "Sikhiu",
        "Soeng Sang",
        "Sung Noen",
        "Thepharak",
        "Wang Nam Khiao"
      ]
    },
    {
      "name": "Nakhon Sawan",
      "code": "60",
      "cities": [
        "Amphoe Kao Liao",
        "Amphoe Lat Yao",
        "Amphoe Nong Bua",
        "Amphoe Phai Sali",
        "Amphoe Phayuha Khiri",
        "Amphoe Takhli",
        "Banphot Phisai",
        "Chum Ta Bong",
        "Chumsaeng",
        "Kao Liao",
        "Krok Phra",
        "Lat Yao",
        "Mae Poen",
        "Mae Wong",
        "Mueang Nakhon Sawan",
        "Nakhon Sawan",
        "Nong Bua",
        "Phai Sali",
        "Phayuha Khiri",
        "Tak Fa",
        "Takhli",
        "Tha Tako"
      ]
    },
    {
      "name": "Nakhon Si Thammarat",
      "code": "80",
      "cities": [
        "Amphoe Chawang",
        "Amphoe Pak Phanang",
        "Amphoe Ron Phibun",
        "Amphoe Tham Phannara",
        "Amphoe Thung Song",
        "Bang Khan",
        "Cha-uat",
        "Chaloem Phra Kiat",
        "Chang Klang",
        "Chawang",
        "Chian Yai",
        "Chulabhorn",
        "Hua Sai",
        "Khanom",
        "Lan Saka",
        "Mueang Nakhon Si Thammarat",
        "Na Bon",
        "Nakhon Si Thammarat",
        "Nopphitam",
        "Pak Phanang",
        "Phipun",
        "Phra Phrom",
        "Phrom Khiri",
        "Ron Phibun",
        "Sichon",
        "Tha Sala",
        "Tham Phannara",
        "Thung Song",
        "Thung Yai"
      ]
    },
    {
      "name": "Nan",
      "code": "55",
      "cities": [
        "Amphoe Chiang Klang",
        "Amphoe Wiang Sa",
        "Ban Luang",
        "Bo Kluea",
        "Chaloem Phra Kiat",
        "Chiang Klang",
        "Mae Charim",
        "Mueang Nan",
        "Na Muen",
        "Na Noi",
        "Nan",
        "Phu Phiang",
        "Pua",
        "Santi Suk",
        "Song Khwae",
        "Tha Wang Pha",
        "Thung Chang"
      ]
    },
    {
      "name": "Narathiwat",
      "code": "96",
      "cities": [
        "Amphoe Ra-ngae",
        "Amphoe Su-ngai Kolok",
        "Amphoe Tak Bai",
        "Ba Cho",
        "Ban Su-ngai Pa Di",
        "Chanae",
        "Cho-airong",
        "Mueang Narathiwat",
        "Narathiwat",
        "Ra-ngae",
        "Rueso",
        "Si Sakhon",
        "Su-ngai Kolok",
        "Su-ngai Padi",
        "Sukhirin",
        "Tak Bai",
        "Waeng",
        "Yi-ngo"
      ]
    },
    {
      "name": "Nong Bua Lam Phu",
      "code": "39",
      "cities": [
        "Amphoe Na Klang",
        "Amphoe Non Sang",
        "Amphoe Si Bun Rueang",
        "Mueang Nong Bua Lamphu",
        "Na Klang",
        "Na Wang",
        "Non Sang",
        "Nong Bua Lamphu",
        "Si Bun Rueang",
        "Suwannakhuha"
      ]
    },
    {
      "name": "Nong Khai",
      "code": "43",
      "cities": [
        "Amphoe Sangkhom",
        "Amphoe Si Chiang Mai",
        "Amphoe Tha Bo",
        "Fao Rai",
        "Mueang Nong Khai",
        "Nong Khai",
        "Pho Tak",
        "Phon Charoen",
        "Phonphisai",
        "Rattanawapi",
        "Sa Khrai",
        "Sangkhom",
        "Si Chiang Mai",
        "Tha Bo"
      ]
    },
    {
      "name": "Nonthaburi",
      "code": "12",
      "cities": [
        "Amphoe Bang Bua Thong",
        "Amphoe Bang Kruai",
        "Amphoe Bang Yai",
        "Amphoe Mueang Nonthaburi",
        "Amphoe Pak Kret",
        "Bang Bua Thong",
        "Bang Kruai",
        "Bang Yai",
        "Mueang Nonthaburi",
        "Pak Kret",
        "Sai Noi"
      ]
    },
    {
      "name": "Pathum Thani",
      "code": "13",
      "cities": [
        "Amphoe Khlong Luang",
        "Ban Lam Luk Ka",
        "Khlong Luang",
        "Lam Luk Ka",
        "Lat Lum Kaeo",
        "Mueang Pathum Thani",
        "Nong Suea",
        "Pathum Thani",
        "Thanyaburi"
      ]
    },
    {
      "name": "Pattani",
      "code": "94",
      "cities": [
        "Amphoe Nong Chik",
        "Amphoe Sai Buri",
        "Amphoe Yaring",
        "Kapho",
        "Khok Pho",
        "Mae Lan",
        "Mai Kaen",
        "Mayo",
        "Mueang Pattani",
        "Nong Chik",
        "Panare",
        "Pattani",
        "Sai Buri",
        "Thung Yang Daeng",
        "Yarang",
        "Yaring"
      ]
    },
    {
      "name": "Pattaya",
      "code": "S",
      "cities": []
    },
    {
      "name": "Phangnga",
      "code": "82",
      "cities": [
        "Ban Ao Nang",
        "Ban Khao Lak",
        "Ban Phru Nai",
        "Kapong",
        "Khura Buri",
        "Ko Yao",
        "Mueang Phangnga",
        "Phang Nga",
        "Takua Pa",
        "Takua Thung",
        "Thai Mueang",
        "Thap Put"
      ]
    },
    {
      "name": "Phatthalung",
      "code": "93",
      "cities": [
        "Bang Kaeo",
        "Khao Chaison",
        "Khuan Khanun",
        "Kong Ra",
        "Mueang Phatthalung",
        "Pa Bon",
        "Pa Phayom",
        "Pak Phayun",
        "Phatthalung",
        "Si Banphot",
        "Srinagarindra",
        "Tamot"
      ]
    },
    {
      "name": "Phayao",
      "code": "56",
      "cities": [
        "Amphoe Chiang Kham",
        "Amphoe Dok Kham Tai",
        "Amphoe Mae Chai",
        "Amphoe Pong",
        "Chiang Kham",
        "Chiang Muan",
        "Chun",
        "Dok Kham Tai",
        "Mae Chai",
        "Mueang Phayao",
        "Phayao",
        "Phu Kam Yao",
        "Phu Sang",
        "Pong"
      ]
    },
    {
      "name": "Phetchabun",
      "code": "67",
      "cities": [
        "Amphoe Chon Daen",
        "Amphoe Lom Sak",
        "Amphoe Nong Phai",
        "Amphoe Wichian Buri",
        "Bueng Sam Phan",
        "Chon Daen",
        "Khao Kho",
        "Lom Kao",
        "Lom Sak",
        "Mueang Phetchabun",
        "Nam Nao",
        "Nong Phai",
        "Phetchabun",
        "Si Thep",
        "Wang Pong",
        "Wichian Buri"
      ]
    },
    {
      "name": "Phetchaburi",
      "code": "76",
      "cities": [
        "Amphoe Cha-am",
        "Amphoe Khao Yoi",
        "Amphoe Tha Yang",
        "Ban Laem",
        "Ban Lat",
        "Cha-am",
        "Kaeng Krachan",
        "Khao Yoi",
        "Mueang Phetchaburi",
        "Nong Ya Plong",
        "Phetchaburi",
        "Tha Yang"
      ]
    },
    {
      "name": "Phichit",
      "code": "66",
      "cities": [
        "Amphoe Bang Mun Nak",
        "Amphoe Bueng Na Rang",
        "Amphoe Taphan Hin",
        "Amphoe Thap Khlo",
        "Amphoe Wang Sai Phun",
        "Bang Mun Nak",
        "Bueng Na Rang",
        "Dong Charoen",
        "Mueang Phichit",
        "Phichit",
        "Pho Prathap Chang",
        "Pho Thale",
        "Sak Lek",
        "Taphan Hin",
        "Thap Khlo",
        "Wachira Barami",
        "Wang Sai Phun"
      ]
    },
    {
      "name": "Phitsanulok",
      "code": "65",
      "cities": [
        "Amphoe Bang Krathum",
        "Amphoe Bang Rakam",
        "Amphoe Chat Trakan",
        "Amphoe Nakhon Thai",
        "Bang Krathum",
        "Bang Rakam",
        "Chat Trakan",
        "Mueang Phitsanulok",
        "Nakhon Thai",
        "Noen Maprang",
        "Phitsanulok",
        "Phrom Phiram",
        "Wang Thong",
        "Wat Bot"
      ]
    },
    {
      "name": "Phra Nakhon Si Ayutthaya",
      "code": "14",
      "cities": [
        "Amphoe Bang Ban",
        "Amphoe Bang Pa-in",
        "Amphoe Nakhon Luang",
        "Amphoe Phak Hai",
        "Amphoe Phra Nakhon Si Ayutthaya",
        "Amphoe Tha Ruea",
        "Amphoe Wang Noi",
        "Ban Bang Kadi Pathum Thani",
        "Ban Phraek",
        "Bang Ban",
        "Bang Pa-in",
        "Bang Pahan",
        "Bang Sai",
        "Lat Bua Luang",
        "Maha Rat",
        "Nakhon Luang",
        "Phachi",
        "Phak Hai",
        "Phra Nakhon Si Ayutthaya",
        "Sena",
        "Tha Ruea",
        "Uthai",
        "Wang Noi"
      ]
    },
    {
      "name": "Phrae",
      "code": "54",
      "cities": [
        "Amphoe Den Chai",
        "Amphoe Long",
        "Amphoe Rong Kwang",
        "Den Chai",
        "Long",
        "Mueang Phrae",
        "Nong Muang Khai",
        "Phrae",
        "Rong Kwang",
        "Song",
        "Sung Men",
        "Wang Chin"
      ]
    },
    {
      "name": "Phuket",
      "code": "83",
      "cities": [
        "Amphoe Kathu",
        "Ban Chalong",
        "Ban Karon",
        "Ban Kata",
        "Ban Ko Kaeo",
        "Ban Mai Khao",
        "Ban Ratsada",
        "Ban Talat Nua",
        "Ban Talat Yai",
        "Kathu",
        "Mueang Phuket",
        "Nai Harn",
        "Patong",
        "Phuket",
        "Rawai",
        "Thalang",
        "Wichit"
      ]
    },
    {
      "name": "Prachin Buri",
      "code": "25",
      "cities": [
        "Amphoe Kabin Buri",
        "Ban Sang",
        "Kabin Buri",
        "Mueang Prachin Buri",
        "Na Di",
        "Prachantakham",
        "Prachin Buri",
        "Si Maha Phot",
        "Si Mahosot"
      ]
    },
    {
      "name": "Prachuap Khiri Khan",
      "code": "77",
      "cities": [
        "Amphoe Bang Saphan",
        "Amphoe Hua Hin",
        "Amphoe Kui Buri",
        "Amphoe Pran Buri",
        "Amphoe Sam Roi Yot",
        "Bang Saphan",
        "Bang Saphan Noi",
        "Hua Hin",
        "Kui Buri",
        "Mueang Prachuap Khiri Khan",
        "Prachuap Khiri Khan",
        "Pran Buri",
        "Sam Roi Yot",
        "Thap Sakae"
      ]
    },
    {
      "name": "Ranong",
      "code": "85",
      "cities": [
        "Kapoe",
        "Kra Buri",
        "La-un",
        "Mueang Ranong",
        "Ranong",
        "Suk Samran"
      ]
    },
    {
      "name": "Ratchaburi",
      "code": "70",
      "cities": [
        "Amphoe Ban Pong",
        "Amphoe Bang Phae",
        "Amphoe Chom Bueng",
        "Amphoe Damnoen Saduak",
        "Amphoe Photharam",
        "Ban Kha",
        "Ban Pong",
        "Bang Phae",
        "Chom Bueng",
        "Damnoen Saduak",
        "Mueang Ratchaburi",
        "Pak Tho",
        "Photharam",
        "Ratchaburi",
        "Suan Phueng",
        "Wat Phleng"
      ]
    },
    {
      "name": "Rayong",
      "code": "21",
      "cities": [
        "Amphoe Ban Chang",
        "Amphoe Klaeng",
        "Ban Chang",
        "Ban Khai",
        "Ban Phe",
        "Khao Chamao",
        "Klaeng",
        "Mueang Rayong",
        "Nikhom Phattana",
        "Pluak Daeng",
        "Rayong",
        "Wang Chan"
      ]
    },
    {
      "name": "Roi Et",
      "code": "45",
      "cities": [
        "Amphoe Kaset Wisai",
        "Amphoe Moeiwadi",
        "Amphoe Pho Chai",
        "Amphoe Suwannaphum",
        "At Samat",
        "Ban Selaphum",
        "Changhan",
        "Chaturaphak Phiman",
        "Chiang Khwan",
        "Kaset Wisai",
        "Moeiwadi",
        "Mueang Roi Et",
        "Mueang Suang",
        "Nong Hi",
        "Nong Phok",
        "Pathum Rat",
        "Phanom Phrai",
        "Pho Chai",
        "Phon Sai",
        "Phon Thong",
        "Roi Et",
        "Selaphum",
        "Si Somdet",
        "Suwannaphum",
        "Thawatchaburi",
        "Thung Khao Luang",
        "Waeng"
      ]
    },
    {
      "name": "Sa Kaeo",
      "code": "27",
      "cities": [
        "Amphoe Aranyaprathet",
        "Amphoe Wang Nam Yen",
        "Aranyaprathet",
        "Khao Chakan",
        "Khlong Hat",
        "Khok Sung",
        "Mueang Sa Kaeo",
        "Sa Kaeo",
        "Ta Phraya",
        "Wang Nam Yen",
        "Wang Sombun",
        "Watthana Nakhon"
      ]
    },
    {
      "name": "Sakon Nakhon",
      "code": "47",
      "cities": [
        "Akat Amnuai",
        "Amphoe Sawang Daen Din",
        "Ban Muang",
        "Charoen Sin",
        "Kham Ta Kla",
        "Khok Si Suphan",
        "Kusuman",
        "Kut Bak",
        "Mueang Sakon Nakhon",
        "Nikhom Nam Un",
        "Phang Khon",
        "Phanna Nikhom",
        "Phon Na Kaeo",
        "Phu Phan",
        "Sakon Nakhon",
        "Sawang Daen Din",
        "Song Dao",
        "Tao Ngoi",
        "Wanon Niwat",
        "Waritchaphum"
      ]
    },
    {
      "name": "Samut Prakan",
      "code": "11",
      "cities": [
        "Amphoe Bang Bo",
        "Amphoe Phra Pradaeng",
        "Ban Khlong Bang Sao Thong",
        "Bang Bo District",
        "Bang Phli",
        "Bang Sao Thong",
        "Mueang Samut Prakan",
        "Phra Pradaeng",
        "Phra Samut Chedi",
        "Samut Prakan"
      ]
    },
    {
      "name": "Samut Sakhon",
      "code": "74",
      "cities": [
        "Amphoe Ban Phaeo",
        "Amphoe Krathum Baen",
        "Ban Phaeo",
        "Krathum Baen",
        "Mueang Samut Sakhon",
        "Samut Sakhon"
      ]
    },
    {
      "name": "Samut Songkhram",
      "code": "75",
      "cities": [
        "Amphawa",
        "Bang Khonthi",
        "Mueang Samut Songkhram",
        "Samut Songkhram"
      ]
    },
    {
      "name": "Saraburi",
      "code": "19",
      "cities": [
        "Amphoe Ban Mo",
        "Amphoe Kaeng Khoi",
        "Amphoe Nong Khae",
        "Amphoe Phra Phutthabat",
        "Ban Mo",
        "Chaloem Phra Kiat",
        "Don Phut",
        "Kaeng Khoi",
        "Muak Lek",
        "Mueang Sara Buri",
        "Nong Don",
        "Nong Khae",
        "Nong Saeng",
        "Phra Phutthabat",
        "Sao Hai",
        "Saraburi",
        "Wang Muang",
        "Wihan Daeng"
      ]
    },
    {
      "name": "Satun",
      "code": "91",
      "cities": [
        "Khuan Don",
        "Khuan Kalong",
        "Koh Lipe",
        "La-Ngu",
        "Manang",
        "Mueang Satun",
        "Satun",
        "Tha Phae",
        "Thung Wa"
      ]
    },
    {
      "name": "Si Sa Ket",
      "code": "33",
      "cities": [
        "Amphoe Kantharalak",
        "Amphoe Phrai Bueng",
        "Benchalak",
        "Bueng Bun",
        "Huai Thap Than",
        "Kantharalak",
        "Kanthararom",
        "Khukhan",
        "Khun Han",
        "Mueang Chan",
        "Mueang Sisaket",
        "Nam Kliang",
        "Non Khun",
        "Phayu",
        "Pho Si Suwan",
        "Phrai Bueng",
        "Phu Sing",
        "Prang Ku",
        "Rasi Salai",
        "Si Rattana",
        "Si Sa Ket",
        "Sila Lat",
        "Uthumphon Phisai",
        "Wang Hin",
        "Yang Chum Noi"
      ]
    },
    {
      "name": "Sing Buri",
      "code": "17",
      "cities": [
        "Amphoe In Buri",
        "Bang Racham",
        "Bang Rachan",
        "In Buri",
        "Khai Bang Rachan",
        "Mueang Sing Buri",
        "Phrom Buri",
        "Sing Buri",
        "Tha Chang"
      ]
    },
    {
      "name": "Songkhla",
      "code": "90",
      "cities": [
        "Amphoe Hat Yai",
        "Amphoe Na Mom",
        "Amphoe Ranot",
        "Amphoe Sadao",
        "Ban Mai",
        "Bang Klam",
        "Chana",
        "Hat Yai",
        "Khlong Hoi Khong",
        "Khuan Niang",
        "Krasae Sin",
        "Mueang Songkhla",
        "Na Mom",
        "Na Thawi",
        "Ranot",
        "Rattaphum",
        "Saba Yoi",
        "Sadao",
        "Sathing Phra",
        "Singhanakhon",
        "Songkhla",
        "Thepha"
      ]
    },
    {
      "name": "Sukhothai",
      "code": "64",
      "cities": [
        "Amphoe Ban Dan Lan Hoi",
        "Amphoe Khiri Mat",
        "Amphoe Sawankhalok",
        "Amphoe Si Satchanalai",
        "Ban Dan Lan Hoi",
        "Ban Na",
        "Khiri Mat",
        "Kong Krailat",
        "Mueang Sukhothai",
        "Sawankhalok",
        "Si Nakhon",
        "Si Samrong",
        "Si Satchanalai",
        "Sukhothai",
        "Thung Saliam"
      ]
    },
    {
      "name": "Suphan Buri",
      "code": "72",
      "cities": [
        "Amphoe Doembang Nangbuat",
        "Ban Sam Chuk",
        "Bang Pla Ma",
        "Dan Chang",
        "Doembang Nangbuat",
        "Don Chedi",
        "Mueang Suphan Buri",
        "Nong Yasai",
        "Si Prachan",
        "Song Phi Nong",
        "Suphan Buri",
        "U Thong"
      ]
    },
    {
      "name": "Surat Thani",
      "code": "84",
      "cities": [
        "Amphoe Ban Na San",
        "Amphoe Chai Buri",
        "Amphoe Chaiya",
        "Amphoe Don Sak",
        "Amphoe Kanchanadit",
        "Amphoe Ko Samui",
        "Amphoe Wiang Sa",
        "Ban Na Doem",
        "Ban Na San",
        "Ban Takhun",
        "Chai Buri",
        "Chaiya",
        "Don Sak",
        "Kanchanadit",
        "Khian Sa",
        "Khiri Rat Nikhom",
        "Ko Pha Ngan",
        "Ko Pha-ngan",
        "Ko Samui",
        "Koh Tao",
        "Mueang Surat Thani",
        "Phanom",
        "Phrasaeng",
        "Phunphin",
        "Surat Thani",
        "Tha Chana",
        "Tha Chang",
        "Tha Kham",
        "Tha Khanon",
        "Wiang Sa",
        "Wiphawadi"
      ]
    },
    {
      "name": "Surin",
      "code": "32",
      "cities": [
        "Bua Chet",
        "Chom Phra",
        "Chumphon Buri",
        "Kap Choeng",
        "Khwao Sinarin",
        "Lamduan",
        "Mueang Surin",
        "Non Narai",
        "Phanom Dong Rak",
        "Prasat",
        "Rattanaburi",
        "Samrong Thap",
        "Sangkha",
        "Sanom",
        "Si Khoraphum",
        "Si Narong",
        "Surin",
        "Tha Tum"
      ]
    },
    {
      "name": "Tak",
      "code": "63",
      "cities": [
        "Amphoe Ban Tak",
        "Amphoe Mae Ramat",
        "Amphoe Mae Sot",
        "Ban Tak",
        "Mae Ramat",
        "Mae Sot",
        "Mueang Tak",
        "Phop Phra",
        "Tak",
        "Tha Song Yang",
        "Umphang",
        "Wang Chao"
      ]
    },
    {
      "name": "Trang",
      "code": "92",
      "cities": [
        "Amphoe Huai Yot",
        "Amphoe Kantang",
        "Hat Samran",
        "Huai Yot",
        "Kantang",
        "Mueang Trang",
        "Na Yong",
        "Palian",
        "Ratsada",
        "Sikao",
        "Trang",
        "Wang Wiset",
        "Yan Ta Khao"
      ]
    },
    {
      "name": "Trat",
      "code": "23",
      "cities": [
        "Amphoe Bo Rai",
        "Amphoe Khlong Yai",
        "Bo Rai",
        "Khao Saming",
        "Khlong Yai",
        "Ko Chang",
        "Ko Chang Tai",
        "Ko Kut",
        "Laem Ngop",
        "Mueang Trat",
        "Trat"
      ]
    },
    {
      "name": "Ubon Ratchathani",
      "code": "34",
      "cities": [
        "Amphoe Det Udom",
        "Amphoe Phibun Mangsahan",
        "Amphoe Sawang Wirawong",
        "Amphoe Warin Chamrap",
        "Buntharik",
        "Det Udom",
        "Don Mot Daeng",
        "Khemmarat",
        "Khong Chiam",
        "Khueang Nai",
        "Kut Khaopun",
        "Lao Suea Kok",
        "Muang Sam Sip",
        "Mueang Ubon Ratchathani",
        "Na Chaluai",
        "Na Tan",
        "Na Yia",
        "Nam Khun",
        "Nam Yuen",
        "Phibun Mangsahan",
        "Pho Sai",
        "Samrong",
        "Sawang Wirawong",
        "Si Mueang Mai",
        "Sirindhorn",
        "Tan Sum",
        "Thung Si Udom",
        "Trakan Phuet Phon",
        "Ubon Ratchathani",
        "Warin Chamrap"
      ]
    },
    {
      "name": "Udon Thani",
      "code": "41",
      "cities": [
        "Amphoe Ban Dung",
        "Amphoe Kumphawapi",
        "Amphoe Kut Chap",
        "Amphoe Nam Som",
        "Amphoe Nong Wua So",
        "Ban Dung",
        "Ban Nong Wua So",
        "Ban Phan Don",
        "Ban Phue",
        "Chai Wan",
        "Ku Kaeo",
        "Kumphawapi",
        "Kut Chap",
        "Mueang Udon Thani",
        "Na Yung",
        "Nam Som",
        "Non Sa-at",
        "Nong Han",
        "Nong Saeng",
        "Nong Wua So",
        "Phen",
        "Phibun Rak",
        "Prachak Sinlapakhom",
        "Sang Khom",
        "Si That",
        "Thung Fon",
        "Udon Thani",
        "Wang Sam Mo"
      ]
    },
    {
      "name": "Uthai Thani",
      "code": "61",
      "cities": [
        "Amphoe Huai Khot",
        "Amphoe Lan Sak",
        "Amphoe Thap Than",
        "Ban Rai",
        "Huai Khot",
        "Lan Sak",
        "Mueang Uthai Thani",
        "Nong Chang",
        "Nong Khayang",
        "Sawang Arom",
        "Thap Than",
        "Uthai Thani"
      ]
    },
    {
      "name": "Uttaradit",
      "code": "53",
      "cities": [
        "Ban Khok",
        "Fak Tha",
        "Lap Lae",
        "Mueang Uttaradit",
        "Nam Pat",
        "Phichai",
        "Tha Pla",
        "Thong Saen Khan",
        "Tron",
        "Uttaradit"
      ]
    },
    {
      "name": "Yala",
      "code": "95",
      "cities": [
        "Amphoe Betong",
        "Bannang Sata",
        "Betong",
        "Kabang",
        "Krong Pinang",
        "Mueang Yala",
        "Raman",
        "Than To",
        "Yaha",
        "Yala"
      ]
    },
    {
      "name": "Yasothon",
      "code": "35",
      "cities": [
        "Kham Khuan Kaeo",
        "Kho Wang",
        "Kut Chum",
        "Loeng Nok Tha",
        "Maha Chana Chai",
        "Mueang Yasothon",
        "Pa Tio",
        "Sai Mun",
        "Thai Charoen",
        "Yasothon"
      ]
    }
  ]
}